style_id,name_hint
6740498118342611464,6740498118342611464
6740498577912500749,6740498577912500749
6895922653865970958,6895922653865970958
6895924568708467981,6895924568708467981
6895934014377577742,6895934014377577742
6895936194102742279,6895936194102742279
6895937984672124173,6895937984672124173
6895938381025512718,6895938381025512718
6895939570035117325,6895939570035117325
6895940163906571527,6895940163906571527
6896137661153594632,6896137661153594632
6896137793022545159,6896137793022545159
6896137924853681416,6896137924853681416
6896138122774449415,6896138122774449415
6896138122774498567,6896138122774498567
6896143862222441735,6896143862222441735
6908988749854575886,6908988749854575886
6913795377481223438,6913795377481223438
6917512631515353607,6917512631515353607
6925414519158099214,6925414519158099214
6926825801383955720,6926825801383955720
6927159112887225611,6927159112887225611
6927160144425962767,6927160144425962767
6927160254996155663,6927160254996155663
6927428419290451208,6927428419290451208
6937950870323629325,6937950870323629325
6940152431061830948,6940152431061830948
6941005892758277383,6941005892758277383
6941321740756765988,6941321740756765988
6941942520993582343,6941942520993582343
6943482823139429645,6943482823139429645
6945477987773009160,6945477987773009160
6947182517107690766,6947182517107690766
6959466291765710116,6959466291765710116
6966439750861327652,6966439750861327652
6969061011080924446,6969061011080924446
6969118014872571143,6969118014872571143
6969510125597936903,6969510125597936903
6970701758406446344,6970701758406446344
6971232494569983246,6971232494569983246
6971481955326053669,6971481955326053669
6971685406425304356,6971685406425304356
6971977501975317791,6971977501975317791
6971979479447063816,6971979479447063816
6972049309474868488,6972049309474868488
6972844414569893157,6972844414569893157
6972844606589390111,6972844606589390111
6973437555727502629,6973437555727502629
6973837023035624735,6973837023035624735
6974377270823652615,6974377270823652615
6974575599679442207,6974575599679442207
6975164038707809550,6975164038707809550
6977153020698103053,6977153020698103053
6977938595994668325,6977938595994668325
6980172702652960007,6980172702652960007
6980172702652976391,6980172702652976391
6980178296529063182,6980178296529063182
6981750922875653406,6981750922875653406
6986817918281534734,6986817918281534734
6986900229945658660,6986900229945658660
6988355158195408164,6988355158195408164
6991015001666440461,6991015001666440461
6991451456826133774,6991451456826133774
6992520738255179015,6992520738255179015
6994339141647338783,6994339141647338783
6994479428118056229,6994479428118056229
6994802731282124068,6994802731282124068
6995196764101872903,6995196764101872903
6995408731311852836,6995408731311852836
6997180413252766989,6997180413252766989
6999268919995321608,6999268919995321608
6999464957762866462,6999464957762866462
6999971161811504415,6999971161811504415
7000573292855725326,7000573292855725326
7001304290631421192,7001304290631421192
7001420701303442696,7001420701303442696
7002046155794255135,7002046155794255135
7002853866815507720,7002853866815507720
7002854608896838948,7002854608896838948
7006186971370507551,7006186971370507551
7006211120792931620,7006211120792931620
7008873676682710280,7008873676682710280
7009223679259299086,7009223679259299086
7011134555977567524,7011134555977567524
7011427043250310414,7011427043250310414
7011428706614840590,7011428706614840590
7011742319535852836,7011742319535852836
7012034468424715551,7012034468424715551
7012232435614223646,7012232435614223646
7012509862932368648,7012509862932368648
7014410298648022309,7014410298648022309
7015876114383932679,7015876114383932679
7019649410980121892,7019649410980121892
7020507478810987789,7020507478810987789
7024883019643211039,7024883019643211039
7025853901744131342,7025853901744131342
7026346187615718692,7026346187615718692
7026909794401258789,7026909794401258789
7028957265247931662,7028957265247931662
7031005295316847879,7031005295316847879
7031456356724968711,7031456356724968711
7032177986443021576,7032177986443021576
7039776138218048781,7039776138218048781
7054078608238742825,7054078608238742825
7054078610818305320,7054078610818305320
7054078653352758568,7054078653352758568
7065180909447728391,7065180909447728391
7068675952527559948,7068675952527559948
7073425719132441887,7073425719132441887
7089034690094517540,7089034690094517540
7090495856817736995,7090495856817736995
7090496807737888034,7090496807737888034
7090497777775529257,7090497777775529257
7090508564116147471,7090508564116147471
7090517880491560232,7090517880491560232
7090518661542333731,7090518661542333731
7090569394144824616,7090569394144824616
7095958615747529997,7095958615747529997
7097078567929974023,7097078567929974023
7097883621171678495,7097883621171678495
7101480485674568991,7101480485674568991
7102346295888727309,7102346295888727309
7120532371098651911,7120532371098651911
7124641203315887398,7124641203315887398
7125732517621091597,7125732517621091597
7127653467555990821,7127653467555990821
7127669365423508767,7127669365423508767
7127671932631174431,7127671932631174431
7127824802819181838,7127824802819181838
7127838224344468749,7127838224344468749
7128405147163626788,7128405147163626788
7128787497496120613,7128787497496120613
7129032839403719944,7129032839403719944
7129033843679579406,7129033843679579406
7151652975478344964,7151652975478344964
7157570982473911563,7157570982473911563
7157592451715271968,7157592451715271968
7160595759375666446,7160595759375666446
7160599091750145287,7160599091750145287
7160601969629891847,7160601969629891847
7163506445172952350,7163506445172952350
7163507140777282824,7163507140777282824
7163507214668385573,7163507214668385573
7163511694684081421,7163511694684081421
7163512466884873502,7163512466884873502
7163529807316143397,7163529807316143397
7163529818317835557,7163529818317835557
7163561401389174030,7163561401389174030
7165820414969531686,7165820414969531686
7166469374507765031,7166469374507765031
7167513122662534437,7167513122662534437
7172710549455752479,7172710549455752479
7179244202805480765,7179244202805480765
7180711300006251788,7180711300006251788
7198171332645834040,7198171332645834040
7202575978646737469,7202575978646737469
7202576698775179837,7202576698775179837
7204018706265984295,7204018706265984295
7204834797515001144,7204834797515001144
7204836754254335287,7204836754254335287
7204837317545069861,7204837317545069861
7205179798216346939,7205179798216346939
7214770345515978023,7214770345515978023
7215846210492566788,7215846210492566788
7216183934265101623,7216183934265101623
7216186405804870949,7216186405804870949
7218381208336600379,7218381208336600379
7219701173798849849,7219701173798849849
7239269452078910732,7239269452078910732
7241461536210914572,7241461536210914572
7242592931490565387,7242592931490565387
7242642349606669603,7242642349606669603
7245567865351359805,7245567865351359805
7247882895665155340,7247882895665155340
7247898804337282341,7247898804337282341
7257077470074129679,7257077470074129679
7257079900283194676,7257079900283194676
7257081234680040744,7257081234680040744
7257081909031865635,7257081909031865635
7257082316869192995,7257082316869192995
7257082884052340002,7257082884052340002
7257083920791981312,7257083920791981312
7257084453602774272,7257084453602774272
7257085927019777314,7257085927019777314
7257085952953289984,7257085952953289984
7257086921371847970,7257086921371847970
7259249706289630498,7259249706289630498
7264484129008274700,7264484129008274700
7265491318502100279,7265491318502100279
7268543410494098727,7268543410494098727
7268677085319662911,7268677085319662911
7272730548047596841,7272730548047596841
7273052950707145996,7273052950707145996
7273388159549951293,7273388159549951293
7273388501150829883,7273388501150829883
7281563777584073995,7281563777584073995
7287549152827821353,7287549152827821353
7293897384537459995,7293897384537459995
7293898425043520777,7293898425043520777
7293898659400338714,7293898659400338714
7294159798990343463,7294159798990343463
7297113734592466185,7297113734592466185
7297955379034606886,7297955379034606886
7297957579530013961,7297957579530013961
7298227140334570779,7298227140334570779
7298227934257532211,7298227934257532211
7299756605808184614,7299756605808184614
7299851502426934582,7299851502426934582
7303812079297875226,7303812079297875226
7303813341909175562,7303813341909175562
7308730615354985737,7308730615354985737
7308733634343636250,7308733634343636250
7309885682661543203,7309885682661543203
7309886227333811471,7309886227333811471
7309890563505966388,7309890563505966388
7310128452147957018,7310128452147957018
7310129333077577010,7310129333077577010
7310129481958591771,7310129481958591771
7310130027163569459,7310130027163569459
7311745134562004261,7311745134562004261
7311746050526563635,7311746050526563635
7311746485765311770,7311746485765311770
7313150396980153626,7313150396980153626
7313150897444408603,7313150897444408603
7313151231340465458,7313151231340465458
7313151646199024922,7313151646199024922
7313151790021741875,7313151790021741875
7313151909580344614,7313151909580344614
7313152281501797659,7313152281501797659
7313153050300910875,7313153050300910875
7313167915614883109,7313167915614883109
7313168242921557275,7313168242921557275
7313168461683838235,7313168461683838235
7313168802122845491,7313168802122845491
7313169456081947931,7313169456081947931
7313169602320567590,7313169602320567590
7313170098359913766,7313170098359913766
7315005866804022539,7315005866804022539
7315436724082003240,7315436724082003240
7315437477425155368,7315437477425155368
7315441845906033955,7315441845906033955
7315443396909305103,7315443396909305103
7315447576763911459,7315447576763911459
7317913751393406249,7317913751393406249
7317914408867400999,7317914408867400999
7317914423186820391,7317914423186820391
7317920595172216075,7317920595172216075
7319366407303580969,7319366407303580969
7319370679537765659,7319370679537765659
7321972094949018921,7321972094949018921
7325687400783465779,7325687400783465779
7325688536957521189,7325688536957521189
7325689083349503270,7325689083349503270
7326472380828749068,7326472380828749068
7326472888599547199,7326472888599547199
7326473297858743591,7326473297858743591
7326474506925542667,7326474506925542667
7326475779498413323,7326475779498413323
7326810673609018675,7326810673609018675
7330885473738526015,7330885473738526015
7336959100632304923,7336959100632304923
7336960675991833883,7336960675991833883
7336960955198213385,7336960955198213385
7338334695794527539,7338334695794527539
7342530522289147145,7342530522289147145
7343918694843682085,7343918694843682085
7343920759934340379,7343920759934340379
7343921196620205321,7343921196620205321
7343921339452902682,7343921339452902682
7345643711054875943,7345643711054875943
7345656289302793535,7345656289302793535
7345659336254852406,7345659336254852406
7345659453833776425,7345659453833776425
7345660281357372691,7345660281357372691
7346910112549899571,7346910112549899571
7346910714910592266,7346910714910592266
7346910717737553189,7346910717737553189
7346911937290079539,7346911937290079539
7348350533800938788,7348350533800938788
7348351180118052132,7348351180118052132
7348351318777466153,7348351318777466153
7349028636600618251,7349028636600618251
7349028755953700132,7349028755953700132
7349028882974018835,7349028882974018835
7349028965538860329,7349028965538860329
7350926273490750783,7350926273490750783
7350927107138047244,7350927107138047244
7350994484630408489,7350994484630408489
7350998585640520999,7350998585640520999
7351041910842215732,7351041910842215732
7351043734277983528,7351043734277983528
7351043768369417487,7351043768369417487
7351093321634204955,7351093321634204955
7351255295777180962,7351255295777180962
7351257302126611747,7351257302126611747
7351261248287280419,7351261248287280419
7351265510132075811,7351265510132075811
7351307349803404559,7351307349803404559
7351307789639109928,7351307789639109928
7351308223736990991,7351308223736990991
7351308344675568948,7351308344675568948
7351314020114124068,7351314020114124068
7351330967069429042,7351330967069429042
7351331061114080550,7351331061114080550
7351331083583081755,7351331083583081755
7351331951829191945,7351331951829191945
7351332137951431963,7351332137951431963
7351335284669304074,7351335284669304074
7351335714275052827,7351335714275052827
7351335928968826121,7351335928968826121
7351336861937306889,7351336861937306889
7351337202372054309,7351337202372054309
7351338637507693862,7351338637507693862
7351340402437393690,7351340402437393690
7351343802583469321,7351343802583469321
7351415614470212890,7351415614470212890
7351415729066986761,7351415729066986761
7351417368737795355,7351417368737795355
7351417458554572083,7351417458554572083
7351417739367468326,7351417739367468326
7351427950606159141,7351427950606159141
7351428993599507722,7351428993599507722
7351429214043753779,7351429214043753779
7351429657864047882,7351429657864047882
7351429922172325158,7351429922172325158
7351430893799542043,7351430893799542043
7351430931992923442,7351430931992923442
7351431161517854003,7351431161517854003
7351431205692181786,7351431205692181786
7369489486457163071,7369489486457163071
7370646102111948069,7370646102111948069
7370646242440793395,7370646242440793395
7371109353673329958,7371109353673329958
7371110382393494793,7371110382393494793
7371110637973376306,7371110637973376306
7371110731258858779,7371110731258858779
7371111282386275635,7371111282386275635
7371111393682115890,7371111393682115890
7371112781300518154,7371112781300518154
7371112852838485299,7371112852838485299
7371113127137545482,7371113127137545482
7371116639267392806,7371116639267392806
7371116690131733797,7371116690131733797
7371117292102405426,7371117292102405426
7371117571757641011,7371117571757641011
7371117706596207910,7371117706596207910
7371331920719908147,7371331920719908147
7371332005948083494,7371332005948083494
7371332802366885147,7371332802366885147
7371332949532282138,7371332949532282138
7371333170366631178,7371333170366631178
7371333173243825417,7371333173243825417
7371333425661332787,7371333425661332787
7371333450638298418,7371333450638298418
7371333681270590747,7371333681270590747
7371333764238069029,7371333764238069029
7371368085556563250,7371368085556563250
7371368226606943514,7371368226606943514
7371368606493363507,7371368606493363507
7371369100645240074,7371369100645240074
7371369120387927334,7371369120387927334
7371369373262466355,7371369373262466355
7371369394301078835,7371369394301078835
7371369585725017371,7371369585725017371
7371369916940733723,7371369916940733723
7371369942681160987,7371369942681160987
7371371109545004338,7371371109545004338
7371371417234918665,7371371417234918665
7371371894114749747,7371371894114749747
7371372494336396570,7371372494336396570
7371380887927196966,7371380887927196966
7371381491273616650,7371381491273616650
7371382113699958025,7371382113699958025
7371382382567410982,7371382382567410982
7371382402536492339,7371382402536492339
7371382794448096550,7371382794448096550
7371382966292909322,7371382966292909322
7371394271905205531,7371394271905205531
7371394487450438938,7371394487450438938
7371394637694586150,7371394637694586150
7371395905561365770,7371395905561365770
7371420451526020389,7371420451526020389
7371420503120088370,7371420503120088370
7371421200372731162,7371421200372731162
7371421542082776358,7371421542082776358
7373287345715531034,7373287345715531034
7374246050107886885,7374246050107886885
7374246056835501339,7374246056835501339
7374246318933380402,7374246318933380402
7374246334481698057,7374246334481698057
7374246436558359846,7374246436558359846
7374246591638687003,7374246591638687003
7374246731120200998,7374246731120200998
7374247604349111590,7374247604349111590
7377681038945832218,7377681038945832218
7377683116938349834,7377683116938349834
7377683284261621029,7377683284261621029
7379267486421617929,7379267486421617929
7379267512938040626,7379267512938040626
7379268519369674010,7379268519369674010
7380749887723408692,7380749887723408692
7380751550639099170,7380751550639099170
7380751845846797568,7380751845846797568
7380753104112733492,7380753104112733492
7381413052396145947,7381413052396145947
7381413153428491558,7381413153428491558
7381413363294735625,7381413363294735625
7381413398606548261,7381413398606548261
7381413496824614154,7381413496824614154
7383204266275589402,7383204266275589402
7383204398618397989,7383204398618397989
7383204438984412467,7383204438984412467
7383204496094006554,7383204496094006554
7383204580135423269,7383204580135423269
7383529176973774091,7383529176973774091
7383529303457254668,7383529303457254668
7383533862103682343,7383533862103682343
7383534467702443300,7383534467702443300
7383534791020399911,7383534791020399911
7383613020657749300,7383613020657749300
7383613902744980770,7383613902744980770
7383663196286045492,7383663196286045492
7383664020219350272,7383664020219350272
7383670166065892608,7383670166065892608
7383676660534578447,7383676660534578447
7383678099273043200,7383678099273043200
7388723410320264487,7388723410320264487
7388723444646563083,7388723444646563083
7388723465357888807,7388723465357888807
7388723479148809526,7388723479148809526
7388723525189717302,7388723525189717302
7390387916087905570,7390387916087905570
7390389147556547855,7390389147556547855
7390389466797460776,7390389466797460776
7390390302839704847,7390390302839704847
7390390624148589876,7390390624148589876
7390391149338348800,7390391149338348800
7390774463723228451,7390774463723228451
7390774568211844404,7390774568211844404
7390775733812989199,7390775733812989199
7390775796605930767,7390775796605930767
7390787386914934016,7390787386914934016
7390787612522351912,7390787612522351912
7390787854579928335,7390787854579928335
7393005203261246760,7393005203261246760
7393006932426116404,7393006932426116404
7394029945149803816,7394029945149803816
7394030434948107554,7394030434948107554
7394030911915838772,7394030911915838772
7394831389637627146,7394831389637627146
7394831967511973157,7394831967511973157
7394832400158625061,7394832400158625061
7394832841969896730,7394832841969896730
7394833374344383794,7394833374344383794
7396583063586606363,7396583063586606363
7396583295896587558,7396583295896587558
7396583437345246501,7396583437345246501
7397035364310848051,7397035364310848051
7398383338643393830,7398383338643393830
7398384553896709413,7398384553896709413
7398930349868240162,7398930349868240162
7398930512053685544,7398930512053685544
7398930513911696655,7398930513911696655
7398930902987869455,7398930902987869455
7399639874300693787,7399639874300693787
7399640269534104882,7399640269534104882
7399640461029215526,7399640461029215526
7399640981378747658,7399640981378747658
7399641832994508082,7399641832994508082
7399642428669562121,7399642428669562121
7399642739811355914,7399642739811355914
7399649814218132745,7399649814218132745
7399650796494654758,7399650796494654758
7399650849179438374,7399650849179438374
7399650914862255370,7399650914862255370
7400686735857896754,7400686735857896754
7402163847685000500,7402163847685000500
7402164053537312015,7402164053537312015
7404837954532789523,7404837954532789523
7406164650678586661,7406164650678586661
7406164819155389747,7406164819155389747
7406181003699440931,7406181003699440931
7406181367068806415,7406181367068806415
7406225246501621028,7406225246501621028
7406225670638013732,7406225670638013732
7406225754180144395,7406225754180144395
7406979500824595739,7406979500824595739
7406979576720608538,7406979576720608538
7407352720815836443,7407352720815836443
7408076532146605312,7408076532146605312
7408076852092357903,7408076852092357903
7408076875517480227,7408076875517480227
7408076966164778255,7408076966164778255
7408077132145937679,7408077132145937679
7408077213100166400,7408077213100166400
7408077346814627107,7408077346814627107
7408077446257331471,7408077446257331471
7408077497142693135,7408077497142693135
7408078156944379136,7408078156944379136
7410240191908171019,7410240191908171019
7410240465443802379,7410240465443802379
7410240535752903990,7410240535752903990
7431507293306506533,7431507293306506533
7438821504986402059,7438821504986402059
7534080106759720228,7534080106759720228
7534928746038512935,7534928746038512935
7536894761760722215,7536894761760722215
7575783536691612952,7575783536691612952
7575810509967232281,7575810509967232281
7575819563984489790,7575819563984489790
7575823157857144089,7575823157857144089
7575850680112385304,7575850680112385304
7594777531304185150,7594777531304185150
